{
  "reply_rate": 0.4658994977784465,
  "recent_reply_rate": 0.2734446015388934,
  "med_taken_rate": 0.11074491125078555,
  "days_since_reply": 0.05850991116983132,
  "weekend_skip_rate": 0.052573923742304,
  "latency_drift": 0.022496458384036692,
  "avg_latency_min": 0.012924472466620172,
  "disease_enc": 0.0034062226690823594,
  "streak": 0.0
}